region_id,timestamp,energy_consumption,building_type,population_density,historical_peak
R1,2025-01-01 00:00:00,204.50895577445428,Residential,6781,302.6090226966581
R2,2025-01-01 00:00:00,351.7441970470483,Commercial,7086,445.24258332545367
R3,2025-01-01 00:00:00,327.2107173347956,Residential,7624,383.87874372704664
R4,2025-01-01 00:00:00,96.13953488089585,Residential,4746,439.65085831488557
R1,2025-01-01 01:00:00,263.0033799456256,Industrial,6633,316.8119383314563
R2,2025-01-01 01:00:00,117.52357311234807,Residential,4469,455.49344451460377
R3,2025-01-01 01:00:00,260.518757179477,Commercial,4655,437.53279821330807
R4,2025-01-01 01:00:00,149.06910063592065,Residential,4188,334.7516914706825
R1,2025-01-01 02:00:00,140.64055657917078,Industrial,5517,351.9567266339427
R2,2025-01-01 02:00:00,296.8717248610395,Industrial,2637,471.4917201683379
R3,2025-01-01 02:00:00,191.2769792311296,Residential,3575,323.0925923289419
R4,2025-01-01 02:00:00,126.76945446960951,Industrial,2575,388.25994611454854
R1,2025-01-01 03:00:00,231.39906415222546,Residential,4353,487.26798498030143
R2,2025-01-01 03:00:00,390.1347614849565,Residential,1343,474.0672456582554
R3,2025-01-01 03:00:00,299.76811736247686,Residential,4799,435.5645474982839
R4,2025-01-01 03:00:00,212.13549301179629,Residential,1253,452.0358612666349
R1,2025-01-01 04:00:00,320.7913061529384,Commercial,2168,448.2186891614481
R2,2025-01-01 04:00:00,152.17605944444523,Industrial,6925,356.25107177896155
R3,2025-01-01 04:00:00,338.703218458938,Residential,5115,395.0943969572255
R4,2025-01-01 04:00:00,269.8957920157467,Commercial,7364,419.6163952546318
R1,2025-01-01 05:00:00,317.96476429417646,Residential,6248,340.8517788752703
R2,2025-01-01 05:00:00,186.27495084490394,Commercial,4870,407.075141178331
R3,2025-01-01 05:00:00,109.19125448674183,Industrial,3064,441.4610902965695
R4,2025-01-01 05:00:00,156.18401972763138,Industrial,4657,382.9975615660583
R1,2025-01-01 06:00:00,332.75681854948306,Commercial,1982,331.461700636138
R2,2025-01-01 06:00:00,362.7197187696854,Commercial,2925,464.4987456196475
R3,2025-01-01 06:00:00,63.85932799040266,Commercial,4938,479.5334972989473
R4,2025-01-01 06:00:00,296.72225869642887,Commercial,4095,431.0893445295087
R1,2025-01-01 07:00:00,320.5612125763964,Residential,6324,490.1511768747047
R2,2025-01-01 07:00:00,279.6262803333019,Residential,1442,407.0763303908829
R3,2025-01-01 07:00:00,209.69525912457286,Residential,1701,301.7561881432477
R4,2025-01-01 07:00:00,226.47420861962172,Commercial,7678,458.7017748225047
R1,2025-01-01 08:00:00,245.34966005762575,Commercial,1125,459.2179067991801
R2,2025-01-01 08:00:00,277.1819480503385,Industrial,7275,376.48707321392317
R3,2025-01-01 08:00:00,117.70919478539402,Residential,6280,341.8949695719814
R4,2025-01-01 08:00:00,140.5805844445017,Commercial,6076,374.9909833272966
R1,2025-01-01 09:00:00,228.66476238058692,Residential,3005,494.9972883931252
R2,2025-01-01 09:00:00,229.72609427193458,Industrial,2377,476.6864597421375
R3,2025-01-01 09:00:00,178.84487429931667,Commercial,6932,319.8063200917835
R4,2025-01-01 09:00:00,326.38345080206966,Commercial,7704,438.83477068427635
R1,2025-01-01 10:00:00,180.80421945442492,Commercial,7623,464.877790389835
R2,2025-01-01 10:00:00,52.637871210615614,Industrial,6655,328.6984328935758
R3,2025-01-01 10:00:00,313.58362162520604,Residential,2286,460.9224460404197
R4,2025-01-01 10:00:00,343.8726829265791,Industrial,6014,469.6555046319793
R1,2025-01-01 11:00:00,316.61396633055557,Industrial,1122,432.01469471056697
R2,2025-01-01 11:00:00,52.675469614519024,Residential,6786,317.83587114945607
R3,2025-01-01 11:00:00,283.28184547518674,Residential,1445,426.27562143661595
R4,2025-01-01 11:00:00,395.0061046351781,Residential,1349,446.98073770099177
R1,2025-01-01 12:00:00,116.87455257821503,Commercial,1111,410.9855285702199
R2,2025-01-01 12:00:00,184.04064073478102,Residential,5077,473.36222055331973
R3,2025-01-01 12:00:00,264.3072239420942,Industrial,5986,320.84148990558316
R4,2025-01-01 12:00:00,378.64397885868334,Industrial,2106,460.4000129517201
R1,2025-01-01 13:00:00,247.25341379832471,Industrial,6917,300.8646640544156
R2,2025-01-01 13:00:00,247.69362113932058,Commercial,5352,351.262186729129
R3,2025-01-01 13:00:00,255.70531843505145,Industrial,5029,498.72306429565236
R4,2025-01-01 13:00:00,348.1649849820809,Commercial,6418,363.4120853908497
R1,2025-01-01 14:00:00,128.46033617336872,Industrial,6961,330.859412289881
R2,2025-01-01 14:00:00,211.70448631204286,Residential,1692,327.8033358546681
R3,2025-01-01 14:00:00,258.44958816993073,Residential,1566,465.42914829016087
R4,2025-01-01 14:00:00,186.3114162784412,Residential,7428,457.0693051657107
R1,2025-01-01 15:00:00,121.92666633346073,Residential,4523,338.265519944263
R2,2025-01-01 15:00:00,75.32248477047726,Residential,7510,440.00706713144353
R3,2025-01-01 15:00:00,171.33559005769467,Industrial,3640,326.08605592656505
R4,2025-01-01 15:00:00,388.86152030407095,Commercial,1499,472.35016449155466
R1,2025-01-01 16:00:00,175.13853071456612,Commercial,4721,376.2738417850156
R2,2025-01-01 16:00:00,348.38838660502114,Industrial,5511,394.8158086745949
R3,2025-01-01 16:00:00,199.96439732857965,Commercial,4094,423.2267001455123
R4,2025-01-01 16:00:00,353.5278678906533,Industrial,2153,341.08830715665516
R1,2025-01-01 17:00:00,329.04093732517464,Industrial,6913,304.4417523377711
R2,2025-01-01 17:00:00,76.59843643860358,Industrial,2457,436.67786711129713
R3,2025-01-01 17:00:00,167.40811901883245,Commercial,4325,318.8702834474632
R4,2025-01-01 17:00:00,181.38676699098136,Residential,6881,338.6859843324984
R1,2025-01-01 18:00:00,354.00283556188145,Commercial,6666,430.05438293031995
R2,2025-01-01 18:00:00,300.9769292450419,Residential,1888,452.56285148887343
R3,2025-01-01 18:00:00,150.4752393778354,Industrial,6886,493.41667685944344
R4,2025-01-01 18:00:00,156.78402165834325,Residential,3170,340.6995407649879
R1,2025-01-01 19:00:00,67.04696428496928,Commercial,3337,333.80029825032693
R2,2025-01-01 19:00:00,147.73082192278,Residential,6560,385.6101780614788
R3,2025-01-01 19:00:00,265.6640588158101,Industrial,1479,461.883261991551
R4,2025-01-01 19:00:00,172.70122565975973,Residential,6250,499.9026015848257
R1,2025-01-01 20:00:00,134.09893133075084,Industrial,4982,457.5474673077824
R2,2025-01-01 20:00:00,139.33119522475727,Commercial,2248,479.7799331513378
R3,2025-01-01 20:00:00,64.64328624743825,Residential,5734,366.90182396804744
R4,2025-01-01 20:00:00,254.77809750325903,Residential,4416,416.01523856482856
R1,2025-01-01 21:00:00,263.80336815141544,Commercial,5205,474.70633572971224
R2,2025-01-01 21:00:00,398.95388316360635,Commercial,4115,470.9222771142107
R3,2025-01-01 21:00:00,261.8411245960151,Commercial,2325,327.8947495266215
R4,2025-01-01 21:00:00,257.2249120441403,Commercial,6794,416.4574686669513
R1,2025-01-01 22:00:00,151.8536187158145,Industrial,2009,327.6610190795195
R2,2025-01-01 22:00:00,270.8618752541324,Industrial,4543,420.6050754501068
R3,2025-01-01 22:00:00,390.07963181327784,Industrial,2191,455.2772758451223
R4,2025-01-01 22:00:00,80.90036780723855,Residential,2262,326.99612556996794
R1,2025-01-01 23:00:00,310.8080473274746,Residential,6289,345.729401582638
R2,2025-01-01 23:00:00,102.41678761697298,Residential,7053,395.3363938466098
R3,2025-01-01 23:00:00,149.2495511368504,Residential,5579,385.706825615201
R4,2025-01-01 23:00:00,261.39853436688844,Commercial,1166,384.65448844566447
R1,2025-01-02 00:00:00,376.8493857452951,Industrial,4989,411.1172662039263
R2,2025-01-02 00:00:00,77.28816123029956,Industrial,4316,365.05486863411454
R3,2025-01-02 00:00:00,199.7297706079659,Residential,5146,392.2348940889952
R4,2025-01-02 00:00:00,374.3224859701489,Residential,2624,391.8342104283399
R1,2025-01-02 01:00:00,294.88960355714914,Commercial,4960,426.655391201811
R2,2025-01-02 01:00:00,282.1674286091466,Commercial,3816,454.5856666713297
R3,2025-01-02 01:00:00,213.94921245318318,Residential,7743,316.58090555596453
R4,2025-01-02 01:00:00,192.66233521514195,Commercial,2123,491.28441476159134
R1,2025-01-02 02:00:00,218.25947054450998,Residential,5804,311.8783896180641
R2,2025-01-02 02:00:00,98.68901457742493,Industrial,1582,313.5648703521553
R3,2025-01-02 02:00:00,202.68791872115844,Residential,4677,444.8223904442847
R4,2025-01-02 02:00:00,159.17633611551366,Commercial,4198,404.79117489244493
R1,2025-01-02 03:00:00,211.2605965307906,Commercial,2779,322.48334491133323
R2,2025-01-02 03:00:00,98.32994476278644,Commercial,7619,457.27849820526774
R3,2025-01-02 03:00:00,51.42121037636139,Residential,2582,429.76806913408666
R4,2025-01-02 03:00:00,140.30107381086563,Commercial,1044,340.8449293252454
R1,2025-01-02 04:00:00,58.36275232097549,Residential,1660,486.05757304843416
R2,2025-01-02 04:00:00,196.32964383723836,Industrial,6730,479.1825675412764
R3,2025-01-02 04:00:00,301.41151560565817,Commercial,4357,409.67913376307456
R4,2025-01-02 04:00:00,122.32764832882357,Residential,4278,400.93700887622856
R1,2025-01-02 05:00:00,132.80550274245633,Commercial,2891,336.0443744567744
R2,2025-01-02 05:00:00,269.5732388216113,Residential,1534,347.73523366258206
R3,2025-01-02 05:00:00,82.37796259868735,Commercial,3246,362.7228132972964
R4,2025-01-02 05:00:00,200.0471703046166,Commercial,6139,355.441493131049
R1,2025-01-02 06:00:00,273.5093400472225,Commercial,4173,488.33995061267024
R2,2025-01-02 06:00:00,75.3338876030276,Commercial,7366,330.0892867797303
R3,2025-01-02 06:00:00,90.52685301452621,Industrial,4698,477.87999098056093
R4,2025-01-02 06:00:00,287.17230518099785,Residential,2516,379.2320736412487
R1,2025-01-02 07:00:00,327.5590241278817,Residential,1014,404.52413462075634
R2,2025-01-02 07:00:00,101.1586504653758,Commercial,5792,491.44176339915464
R3,2025-01-02 07:00:00,134.77398407722114,Commercial,5109,453.0590217985242
R4,2025-01-02 07:00:00,295.2836875335612,Industrial,7608,475.93499911336914
R1,2025-01-02 08:00:00,304.69119263637606,Industrial,6536,320.50449004755603
R2,2025-01-02 08:00:00,320.62393346702913,Commercial,3612,491.68811749420394
R3,2025-01-02 08:00:00,171.57603189971292,Residential,5430,400.5611132345359
R4,2025-01-02 08:00:00,303.2449081578728,Industrial,1436,345.8049360123262
R1,2025-01-02 09:00:00,284.09584328944294,Residential,7361,438.5360550224617
R2,2025-01-02 09:00:00,196.58593221903035,Commercial,2254,487.6357289739111
R3,2025-01-02 09:00:00,102.32814908579567,Commercial,4613,409.3314528369933
R4,2025-01-02 09:00:00,393.344978378512,Commercial,1624,480.0993824071919
R1,2025-01-02 10:00:00,396.13554820921934,Industrial,5899,319.2379079946044
R2,2025-01-02 10:00:00,306.27091638646436,Industrial,4695,429.7330579575535
R3,2025-01-02 10:00:00,70.06572344036462,Commercial,6772,306.20378786886477
R4,2025-01-02 10:00:00,131.3897362665444,Residential,6396,343.678178493394
R1,2025-01-02 11:00:00,203.64525626242695,Industrial,3191,436.68561465424546
R2,2025-01-02 11:00:00,332.78283620511576,Residential,7340,331.68873197358516
R3,2025-01-02 11:00:00,155.81450859758627,Commercial,2402,464.2680168060151
R4,2025-01-02 11:00:00,259.2233716937761,Industrial,4344,496.72183667747737
R1,2025-01-02 12:00:00,296.6327104538061,Industrial,7832,389.9150340604202
R2,2025-01-02 12:00:00,62.38210414147563,Industrial,1310,464.2059991059777
R3,2025-01-02 12:00:00,273.4633143291412,Commercial,1645,491.25083484104596
R4,2025-01-02 12:00:00,78.34510580325784,Commercial,6954,312.8450798254557
R1,2025-01-02 13:00:00,237.18951357661632,Residential,4758,455.7288634061961
R2,2025-01-02 13:00:00,72.04780536755871,Residential,2910,480.3617642115421
R3,2025-01-02 13:00:00,332.9206295808562,Commercial,7093,377.7169187663923
R4,2025-01-02 13:00:00,114.1930019601588,Residential,5307,334.4368662339143
R1,2025-01-02 14:00:00,390.48807736469644,Commercial,4008,341.1649523121879
R2,2025-01-02 14:00:00,261.3646598367445,Industrial,3704,472.09125849440125
R3,2025-01-02 14:00:00,156.24520420224627,Commercial,5267,392.8404000777058
R4,2025-01-02 14:00:00,138.0393632454202,Industrial,4144,381.09069008986756
R1,2025-01-02 15:00:00,325.53034781124524,Commercial,7994,365.43711020872735
R2,2025-01-02 15:00:00,381.785687189752,Commercial,3758,443.6387030205601
R3,2025-01-02 15:00:00,116.08955828546888,Commercial,6399,480.179961360338
R4,2025-01-02 15:00:00,296.52190400542,Commercial,2105,389.57130500147724
R1,2025-01-02 16:00:00,363.46308843121204,Residential,6231,441.09096146440027
R2,2025-01-02 16:00:00,330.00016529832317,Commercial,6247,322.59595058544653
R3,2025-01-02 16:00:00,368.437953736372,Industrial,7379,454.9960218538344
R4,2025-01-02 16:00:00,98.65956429934988,Residential,7077,420.6767078908649
R1,2025-01-02 17:00:00,176.04763376297836,Industrial,2212,406.8810548574777
R2,2025-01-02 17:00:00,151.22847884973294,Industrial,3493,405.3225011154668
R3,2025-01-02 17:00:00,51.62516847928617,Industrial,2986,302.58769328496135
R4,2025-01-02 17:00:00,78.74945774425854,Industrial,5753,453.91699964860527
R1,2025-01-02 18:00:00,333.84699726805553,Industrial,4891,359.96351021535395
R2,2025-01-02 18:00:00,155.64205409581027,Industrial,4254,340.00311788546867
R3,2025-01-02 18:00:00,229.2381338777295,Residential,3870,366.36890528420884
R4,2025-01-02 18:00:00,52.73053940295393,Commercial,4312,408.1802902735524
R1,2025-01-02 19:00:00,277.4336480677299,Residential,1697,330.59864070532257
R2,2025-01-02 19:00:00,346.97287197736523,Commercial,6235,448.39590567937296
R3,2025-01-02 19:00:00,382.01829372623337,Industrial,4377,473.5042940893028
R4,2025-01-02 19:00:00,388.3171341533447,Industrial,3878,436.69051532699916
R1,2025-01-02 20:00:00,298.96519208673544,Residential,4910,436.05265963593763
R2,2025-01-02 20:00:00,175.19449111999546,Residential,2501,482.9081253151255
R3,2025-01-02 20:00:00,163.47586158348835,Industrial,7878,385.71551078346255
R4,2025-01-02 20:00:00,332.9559879106211,Residential,1111,472.63389861534347
R1,2025-01-02 21:00:00,366.4478571457456,Industrial,4527,439.2515657854767
R2,2025-01-02 21:00:00,56.45782821878104,Commercial,3485,354.8689086482648
R3,2025-01-02 21:00:00,378.64877692198957,Industrial,3272,397.5703128023662
R4,2025-01-02 21:00:00,358.2889690084772,Commercial,7022,428.00657638795064
R1,2025-01-02 22:00:00,153.5693581416175,Commercial,1960,397.2364560123648
R2,2025-01-02 22:00:00,170.49328572201097,Industrial,7016,386.46428039403065
R3,2025-01-02 22:00:00,194.16191549919418,Commercial,2029,384.4292026789443
R4,2025-01-02 22:00:00,85.08031441067166,Industrial,2611,449.06078604225803
R1,2025-01-02 23:00:00,76.39558704823258,Residential,6655,359.25152427912644
R2,2025-01-02 23:00:00,356.6876089034344,Residential,1003,438.17643384877863
R3,2025-01-02 23:00:00,144.79921781283127,Industrial,1873,403.05599499515273
R4,2025-01-02 23:00:00,395.3168612590023,Industrial,3971,425.6984654218868
R1,2025-01-03 00:00:00,163.87517010359363,Commercial,4823,405.3502262762704
R2,2025-01-03 00:00:00,385.30255895078875,Industrial,5770,431.68060824709255
R3,2025-01-03 00:00:00,188.34927189692968,Residential,3533,467.053563389581
R4,2025-01-03 00:00:00,152.3544675865559,Residential,3456,414.27303592792634
R1,2025-01-03 01:00:00,147.4825092210886,Commercial,5830,453.8455671444249
R2,2025-01-03 01:00:00,119.94062452078444,Residential,7606,426.28434910197467
R3,2025-01-03 01:00:00,52.28359838873493,Residential,4338,479.19042410914443
R4,2025-01-03 01:00:00,175.66195238725072,Industrial,1374,373.15755963767805
R1,2025-01-03 02:00:00,365.00944620459046,Commercial,1251,437.47563002681613
R2,2025-01-03 02:00:00,351.8559716991426,Residential,5545,332.4056696551196
R3,2025-01-03 02:00:00,227.69775796543735,Commercial,1686,419.4437466802166
R4,2025-01-03 02:00:00,332.2027404481352,Industrial,7365,409.3945470814121
R1,2025-01-03 03:00:00,173.1460394855385,Commercial,7012,354.4511222794181
R2,2025-01-03 03:00:00,329.47480960196697,Commercial,2659,419.87521393758857
R3,2025-01-03 03:00:00,166.57325306770343,Residential,1027,460.52880602256266
R4,2025-01-03 03:00:00,192.5412945641752,Commercial,5806,305.82808437928895
R1,2025-01-03 04:00:00,175.693968820381,Industrial,4982,323.337933325504
R2,2025-01-03 04:00:00,244.69154955973153,Residential,2429,314.60865904683067
R3,2025-01-03 04:00:00,282.5376450281694,Commercial,1451,478.0994163990797
R4,2025-01-03 04:00:00,203.68930848617745,Commercial,1591,331.27002640226374
R1,2025-01-03 05:00:00,208.06888654177857,Industrial,1473,307.6147319667568
R2,2025-01-03 05:00:00,238.17998138374068,Industrial,5063,367.89902841695755
R3,2025-01-03 05:00:00,59.686227733688895,Commercial,7345,492.9902953638093
R4,2025-01-03 05:00:00,119.6892570643716,Residential,4446,495.40229037631894
R1,2025-01-03 06:00:00,226.3774906682447,Commercial,7903,456.3762050389954
R2,2025-01-03 06:00:00,178.7456507140549,Commercial,6153,306.7294879024167
R3,2025-01-03 06:00:00,343.0655713623371,Commercial,1158,417.3283941790313
R4,2025-01-03 06:00:00,269.0708071335238,Residential,2041,465.3902497518779
R1,2025-01-03 07:00:00,284.2542732767904,Commercial,6594,321.1089835698795
R2,2025-01-03 07:00:00,172.97507103532496,Residential,2861,388.95173930330014
R3,2025-01-03 07:00:00,52.6223977971204,Commercial,7732,389.6320147446417
R4,2025-01-03 07:00:00,294.0539377024966,Commercial,5156,349.56438655923586
R1,2025-01-03 08:00:00,377.45095421548825,Residential,4512,404.54672166874604
R2,2025-01-03 08:00:00,108.98400842197245,Commercial,5849,486.53712774288067
R3,2025-01-03 08:00:00,372.9503011649488,Industrial,5280,306.4801187969142
R4,2025-01-03 08:00:00,104.90706028536364,Industrial,6039,471.1970790720951
R1,2025-01-03 09:00:00,335.60287839657406,Commercial,2092,435.5059042639758
R2,2025-01-03 09:00:00,334.4218986890723,Commercial,1261,409.7009335193786
R3,2025-01-03 09:00:00,211.7841822770146,Residential,4634,368.34060268633914
R4,2025-01-03 09:00:00,160.99620260084092,Residential,6335,330.3068250013914
R1,2025-01-03 10:00:00,59.776089777138594,Residential,4903,302.437775686754
R2,2025-01-03 10:00:00,177.07471650585632,Residential,1702,392.8132435089915
R3,2025-01-03 10:00:00,105.30589719501134,Industrial,2918,431.1591038732191
R4,2025-01-03 10:00:00,228.30090537401986,Industrial,2472,470.54573450543194
R1,2025-01-03 11:00:00,81.14988105013214,Commercial,6802,450.55417069179214
R2,2025-01-03 11:00:00,239.793964318842,Industrial,6715,370.1102302566982
R3,2025-01-03 11:00:00,86.64558448616847,Residential,2382,490.9042201021104
R4,2025-01-03 11:00:00,196.3566741186001,Residential,2636,455.5095779610884
R1,2025-01-03 12:00:00,274.88034840256773,Residential,4349,402.4329256102585
R2,2025-01-03 12:00:00,129.7266432104397,Commercial,7848,332.90376352033945
R3,2025-01-03 12:00:00,332.7713531676212,Commercial,1905,452.62049332559127
R4,2025-01-03 12:00:00,248.65120162541763,Industrial,4682,329.1462910968132
R1,2025-01-03 13:00:00,333.6301763792006,Commercial,3154,372.46111445861794
R2,2025-01-03 13:00:00,169.34855554344887,Industrial,3919,344.4851169205295
R3,2025-01-03 13:00:00,66.95791076718145,Commercial,2498,445.6688783671957
R4,2025-01-03 13:00:00,346.3327541933616,Industrial,1629,360.54732382671887
R1,2025-01-03 14:00:00,274.85096111561546,Industrial,1139,430.73612542956033
R2,2025-01-03 14:00:00,230.65537086268262,Residential,2965,467.5586655241291
R3,2025-01-03 14:00:00,227.4282525954995,Residential,2834,484.4203875819148
R4,2025-01-03 14:00:00,173.989916006874,Industrial,6386,465.0354991255065
R1,2025-01-03 15:00:00,245.93273452919132,Residential,5129,356.3658819772536
R2,2025-01-03 15:00:00,117.36648500151453,Industrial,3470,461.257289770898
R3,2025-01-03 15:00:00,221.72367427939412,Commercial,6805,402.18274506175885
R4,2025-01-03 15:00:00,266.9018765568423,Residential,6530,417.6689454995308
R1,2025-01-03 16:00:00,122.43110638482084,Commercial,2775,350.1723690793119
R2,2025-01-03 16:00:00,162.42351118711247,Industrial,7151,305.0723694210938
R3,2025-01-03 16:00:00,287.16538600116223,Residential,4741,319.370010255302
R4,2025-01-03 16:00:00,256.27457959189974,Residential,1660,409.81458498735583
R1,2025-01-03 17:00:00,127.36080853379949,Residential,5818,335.6311486744448
R2,2025-01-03 17:00:00,61.25773217132163,Residential,4263,308.09947169720175
R3,2025-01-03 17:00:00,120.18843661445946,Commercial,5829,404.4944926315212
R4,2025-01-03 17:00:00,53.507768359319485,Commercial,5858,495.1771716143083
R1,2025-01-03 18:00:00,238.88098941152575,Industrial,6490,325.56486576808555
R2,2025-01-03 18:00:00,379.31373435039404,Industrial,4994,375.448365402994
R3,2025-01-03 18:00:00,201.23876850247728,Residential,7853,385.381028302162
R4,2025-01-03 18:00:00,244.48964289291305,Industrial,7164,439.4430259478823
R1,2025-01-03 19:00:00,246.9328241401123,Industrial,7674,317.4753564072539
R2,2025-01-03 19:00:00,365.8518174304537,Industrial,2016,361.94988536173764
R3,2025-01-03 19:00:00,135.83849935274282,Commercial,7185,429.8965814276486
R4,2025-01-03 19:00:00,317.03976956588787,Commercial,5635,365.2676996185541
R1,2025-01-03 20:00:00,88.16553816450065,Industrial,7725,383.11416231337546
R2,2025-01-03 20:00:00,145.93704133504013,Industrial,6948,345.5149510451216
R3,2025-01-03 20:00:00,233.5675635572033,Residential,3017,395.65553625009505
R4,2025-01-03 20:00:00,274.36563794258257,Residential,3793,446.9241879552644
R1,2025-01-03 21:00:00,71.02526076785878,Commercial,1756,373.3696424872666
R2,2025-01-03 21:00:00,284.7202901420665,Industrial,3309,419.03997352195955
R3,2025-01-03 21:00:00,60.702272104805346,Commercial,3769,447.75969291220486
R4,2025-01-03 21:00:00,163.87368188178806,Industrial,2793,349.5622550871759
R1,2025-01-03 22:00:00,250.78688909911102,Commercial,2722,359.53654105975085
R2,2025-01-03 22:00:00,101.07275802182372,Industrial,3786,410.7083116237966
R3,2025-01-03 22:00:00,211.25361442609997,Residential,7597,386.6141244931837
R4,2025-01-03 22:00:00,299.22196347391366,Residential,2291,499.7631018483184
R1,2025-01-03 23:00:00,268.242027737965,Residential,2009,368.46346927537166
R2,2025-01-03 23:00:00,73.77990832133838,Residential,3354,310.33036934264646
R3,2025-01-03 23:00:00,219.48880511248197,Residential,5791,484.03183174143703
R4,2025-01-03 23:00:00,139.38647885367357,Residential,1354,408.214827405572
R1,2025-01-04 00:00:00,304.04891243621717,Residential,4135,450.3810496319164
R2,2025-01-04 00:00:00,279.04782542330304,Residential,2791,381.79968001223966
R3,2025-01-04 00:00:00,235.76772669589647,Industrial,2037,434.5188864414293
R4,2025-01-04 00:00:00,194.1083231318984,Residential,2872,334.02581427337145
R1,2025-01-04 01:00:00,102.75054803594041,Industrial,1268,365.3818864169363
R2,2025-01-04 01:00:00,182.62407044462776,Industrial,2324,389.06336692927465
R3,2025-01-04 01:00:00,176.03652580361893,Commercial,3048,392.70784849211213
R4,2025-01-04 01:00:00,240.4767386835043,Commercial,4704,434.0306929028637
R1,2025-01-04 02:00:00,225.53746478034626,Residential,7547,351.8060236470498
R2,2025-01-04 02:00:00,128.81943467737977,Industrial,3721,369.9109899524731
R3,2025-01-04 02:00:00,249.80509822834497,Industrial,3244,336.83505245272437
R4,2025-01-04 02:00:00,252.41872409217527,Commercial,6227,478.1410233640193
R1,2025-01-04 03:00:00,318.23889064331587,Commercial,6986,325.91691393341677
R2,2025-01-04 03:00:00,308.7238517511922,Industrial,6050,482.98979989584177
R3,2025-01-04 03:00:00,313.03461154259423,Industrial,7450,376.91223999269255
R4,2025-01-04 03:00:00,231.3154347137687,Residential,2187,441.24420227875044
R1,2025-01-04 04:00:00,115.889806081676,Industrial,4622,440.96486282273975
R2,2025-01-04 04:00:00,247.90628791137718,Residential,1492,459.9708692064281
R3,2025-01-04 04:00:00,287.32391487730507,Residential,6423,391.90847156934905
R4,2025-01-04 04:00:00,123.37263911434523,Commercial,3992,425.28936772364955
R1,2025-01-04 05:00:00,346.8454563437818,Industrial,6959,395.848909411385
R2,2025-01-04 05:00:00,320.21830515385733,Residential,6047,379.6690441363653
R3,2025-01-04 05:00:00,248.40085270225552,Commercial,6739,308.1436639024827
R4,2025-01-04 05:00:00,55.51540441497666,Commercial,3767,358.28161453360883
R1,2025-01-04 06:00:00,352.01095035709693,Residential,2335,305.3920164123943
R2,2025-01-04 06:00:00,119.92612387365898,Residential,2814,341.46971419525346
R3,2025-01-04 06:00:00,372.78795366262176,Commercial,3029,422.03109796769354
R4,2025-01-04 06:00:00,335.6572697800717,Residential,7212,372.582782433675
R1,2025-01-04 07:00:00,383.5498200600419,Residential,5605,415.66472802939506
R2,2025-01-04 07:00:00,265.2779606492665,Industrial,2974,461.643994588278
R3,2025-01-04 07:00:00,317.6810911863311,Commercial,5022,316.95813319135715
R4,2025-01-04 07:00:00,375.17771967569087,Industrial,2831,307.0049654085711
R1,2025-01-04 08:00:00,365.87423676849824,Residential,4943,323.7082025196986
R2,2025-01-04 08:00:00,194.4908878916276,Industrial,7021,329.0955033071783
R3,2025-01-04 08:00:00,226.6133792068012,Industrial,3886,347.1739012988734
R4,2025-01-04 08:00:00,125.9166317927471,Commercial,2467,433.5924073909915
R1,2025-01-04 09:00:00,223.30970424538665,Industrial,1513,377.08481778223484
R2,2025-01-04 09:00:00,167.93023629111798,Industrial,1699,413.28825232878546
R3,2025-01-04 09:00:00,251.2575954373765,Residential,6555,471.0166529459395
R4,2025-01-04 09:00:00,309.6545880123522,Residential,3891,414.15064247056984
R1,2025-01-04 10:00:00,292.35007180772357,Industrial,5750,336.4866905686726
R2,2025-01-04 10:00:00,247.14692922576324,Residential,3532,423.4089214389567
R3,2025-01-04 10:00:00,235.68977416507633,Residential,6642,333.0646123394598
R4,2025-01-04 10:00:00,66.68527692432843,Residential,3816,307.4809282113555
R1,2025-01-04 11:00:00,81.7189183894696,Commercial,4823,356.611448350925
R2,2025-01-04 11:00:00,244.56588188225692,Commercial,3644,347.2009534203194
R3,2025-01-04 11:00:00,359.02803125238165,Industrial,1639,425.9184532218383
R4,2025-01-04 11:00:00,251.83850792858948,Industrial,1300,430.87074736089073
R1,2025-01-04 12:00:00,124.70640400385929,Residential,7499,493.0240254583401
R2,2025-01-04 12:00:00,124.29212872630083,Industrial,3922,478.03763039287566
R3,2025-01-04 12:00:00,138.81814783195705,Residential,6778,302.9949437943475
R4,2025-01-04 12:00:00,231.0074049005175,Commercial,1629,402.61681021092784
R1,2025-01-04 13:00:00,331.3421268059198,Commercial,6022,460.9877594171031
R2,2025-01-04 13:00:00,71.02635611757492,Industrial,7337,386.4257213681355
R3,2025-01-04 13:00:00,376.1559321010993,Industrial,1315,315.13746135482813
R4,2025-01-04 13:00:00,143.5960374220912,Industrial,1082,452.9385602528951
R1,2025-01-04 14:00:00,89.90700313525994,Commercial,7143,467.70361371758634
R2,2025-01-04 14:00:00,119.3714461656036,Commercial,2841,380.8169439653716
R3,2025-01-04 14:00:00,244.61730329736088,Commercial,2416,390.81823131061327
R4,2025-01-04 14:00:00,226.15290259179906,Commercial,5472,388.69188062570794
R1,2025-01-04 15:00:00,356.61664949864814,Residential,3665,354.9867756771959
R2,2025-01-04 15:00:00,228.16316191660204,Industrial,6988,329.303306372629
R3,2025-01-04 15:00:00,131.82576763295054,Residential,3662,354.64237681279246
R4,2025-01-04 15:00:00,192.00058106949766,Residential,1509,440.88821771102477
R1,2025-01-04 16:00:00,297.94868355564824,Commercial,1608,305.76676626309336
R2,2025-01-04 16:00:00,394.9242204182708,Industrial,6048,309.86627864694026
R3,2025-01-04 16:00:00,325.24806735848296,Residential,4721,452.8432552361868
R4,2025-01-04 16:00:00,140.67455861326005,Industrial,4577,432.63562305094223
R1,2025-01-04 17:00:00,298.44059058488835,Industrial,2123,438.8471253771014
R2,2025-01-04 17:00:00,268.8433323982956,Commercial,5287,372.60286943388655
R3,2025-01-04 17:00:00,80.05190405839832,Industrial,2761,484.27119581527404
R4,2025-01-04 17:00:00,374.62840469859674,Industrial,7051,431.01552856677677
R1,2025-01-04 18:00:00,71.635102627183,Commercial,5822,492.57242939507023
R2,2025-01-04 18:00:00,377.3106595025053,Industrial,4950,350.10970434587614
R3,2025-01-04 18:00:00,295.84762394758366,Residential,4384,382.02508513954814
R4,2025-01-04 18:00:00,368.76435223828247,Industrial,7421,340.1591984372135
R1,2025-01-04 19:00:00,372.6605984203177,Industrial,7786,362.6718010808774
R2,2025-01-04 19:00:00,214.25810962745126,Residential,6717,426.7943348118272
R3,2025-01-04 19:00:00,374.7163882023773,Industrial,5419,332.5347264780001
R4,2025-01-04 19:00:00,125.48561194000709,Industrial,3487,458.8012269626656
R1,2025-01-04 20:00:00,212.4052379266277,Industrial,1983,369.85313087087957
R2,2025-01-04 20:00:00,107.35800811756613,Industrial,1068,459.2832600092805
R3,2025-01-04 20:00:00,206.3565770485105,Commercial,2409,450.7290560642249
R4,2025-01-04 20:00:00,129.92622391994632,Residential,3305,398.5227982979606
R1,2025-01-04 21:00:00,70.80453842743825,Residential,5164,402.25303802134846
R2,2025-01-04 21:00:00,346.55886662812964,Commercial,1088,314.487779449976
R3,2025-01-04 21:00:00,335.59422224243144,Commercial,7609,380.4630687369271
R4,2025-01-04 21:00:00,137.84518396386756,Residential,6275,476.8943199750237
R1,2025-01-04 22:00:00,88.16756521226651,Industrial,5699,433.3921875198298
R2,2025-01-04 22:00:00,289.0206675979073,Residential,5815,384.5625427528412
R3,2025-01-04 22:00:00,83.15528961382819,Industrial,3186,378.1880252347032
R4,2025-01-04 22:00:00,233.36242218404573,Commercial,6531,440.5936307278686
R1,2025-01-04 23:00:00,250.58913097541554,Commercial,6650,436.71814009122386
R2,2025-01-04 23:00:00,343.05292138476665,Industrial,6077,496.44876462968386
R3,2025-01-04 23:00:00,140.02604708470636,Industrial,2463,358.02962852104605
R4,2025-01-04 23:00:00,147.68940477284008,Industrial,3891,438.13985706009845
R1,2025-01-05 00:00:00,154.2913027857722,Residential,4590,448.730134249165
R2,2025-01-05 00:00:00,390.2933452629005,Industrial,4400,365.819291883039
R3,2025-01-05 00:00:00,128.3885653476322,Residential,1187,442.85369759870684
R4,2025-01-05 00:00:00,372.9616935338445,Residential,6527,413.0725686661714
R1,2025-01-05 01:00:00,270.98999915197766,Industrial,4608,407.7803300689865
R2,2025-01-05 01:00:00,208.0389743312721,Commercial,5067,435.2797427509232
R3,2025-01-05 01:00:00,154.33094828236148,Industrial,3640,345.0344670126728
R4,2025-01-05 01:00:00,77.39634962260189,Industrial,6852,485.3631281778317
R1,2025-01-05 02:00:00,302.70384679396886,Commercial,5694,491.2957841793748
R2,2025-01-05 02:00:00,186.08455224912655,Residential,2494,474.3229768377057
R3,2025-01-05 02:00:00,342.4117199734698,Commercial,5147,396.19058999437163
R4,2025-01-05 02:00:00,122.89061554842836,Commercial,1422,443.8811269483534
R1,2025-01-05 03:00:00,272.22000394487964,Residential,7862,340.07559543883036
R2,2025-01-05 03:00:00,205.443158758884,Residential,2699,443.94148413266726
R3,2025-01-05 03:00:00,313.49391023293197,Residential,7138,467.95742824841705
R4,2025-01-05 03:00:00,379.2650961548304,Commercial,3061,468.72296267661613
R1,2025-01-05 04:00:00,163.4525991220167,Residential,7429,356.0279244433005
R2,2025-01-05 04:00:00,335.13598010185814,Residential,4366,421.6086066857073
R3,2025-01-05 04:00:00,388.75672506686334,Industrial,2309,397.98357133457
R4,2025-01-05 04:00:00,116.75038721611028,Residential,7195,491.4472125860161
R1,2025-01-05 05:00:00,252.9154884641412,Industrial,5650,337.25203277399055
R2,2025-01-05 05:00:00,203.1534247495003,Residential,7321,436.5213598864895
R3,2025-01-05 05:00:00,336.6279560895332,Commercial,2288,329.0332031073742
R4,2025-01-05 05:00:00,248.92686805102954,Residential,3820,442.8483626947799
R1,2025-01-05 06:00:00,154.00565031252933,Residential,7520,325.3434772544505
R2,2025-01-05 06:00:00,133.74252951781637,Commercial,6764,368.54805537176463
R3,2025-01-05 06:00:00,126.9596902612791,Industrial,3330,361.90898166013426
R4,2025-01-05 06:00:00,278.4652682035876,Industrial,7137,461.1616410254867
R1,2025-01-05 07:00:00,374.2647287005246,Commercial,3604,362.51830732081953
R2,2025-01-05 07:00:00,140.0851578003278,Residential,4531,348.1827557490867
R3,2025-01-05 07:00:00,369.0601027548432,Industrial,1918,463.549129003497
R4,2025-01-05 07:00:00,362.1085269087986,Industrial,1307,395.8438577841546
R1,2025-01-05 08:00:00,200.84456903881474,Industrial,7343,320.2881376551597
R2,2025-01-05 08:00:00,354.145667859157,Commercial,3884,421.21532836729006
R3,2025-01-05 08:00:00,161.1161879749381,Industrial,6410,376.10665260278927
R4,2025-01-05 08:00:00,255.4667704719442,Industrial,7056,456.7318923826306
R1,2025-01-05 09:00:00,316.4077339015476,Residential,6592,451.5465113297249
R2,2025-01-05 09:00:00,377.6406056424406,Industrial,1952,362.327553858515
R3,2025-01-05 09:00:00,251.9398022686386,Residential,3370,459.3983168584295
R4,2025-01-05 09:00:00,357.5029188011255,Residential,5152,341.83316346518956
R1,2025-01-05 10:00:00,392.6182170231206,Residential,4695,334.9157858618918
R2,2025-01-05 10:00:00,127.29071986556349,Commercial,5145,435.16207528844666
R3,2025-01-05 10:00:00,318.5365734706468,Industrial,1995,307.6080195278088
R4,2025-01-05 10:00:00,290.4301631803597,Residential,5844,378.6564925225475
R1,2025-01-05 11:00:00,69.5776787469531,Industrial,2464,306.86057325365203
R2,2025-01-05 11:00:00,82.06345731270693,Industrial,7389,364.8473398964709
R3,2025-01-05 11:00:00,342.7389174655964,Residential,2826,328.6978499633215
R4,2025-01-05 11:00:00,379.6220640528352,Residential,2114,309.5684179558516
R1,2025-01-05 12:00:00,95.82444887931908,Residential,1752,329.5138388867403
R2,2025-01-05 12:00:00,184.3779298233888,Commercial,4920,353.1672480038216
R3,2025-01-05 12:00:00,63.35229447787636,Industrial,5885,421.44489770781865
R4,2025-01-05 12:00:00,249.22347114783767,Commercial,2965,311.2578113631511
R1,2025-01-05 13:00:00,144.52022979139568,Commercial,4287,409.19793521995854
R2,2025-01-05 13:00:00,392.9537417905007,Commercial,1043,326.07951342398763
R3,2025-01-05 13:00:00,57.07289584005516,Residential,4743,349.1163964918811
R4,2025-01-05 13:00:00,160.77593831787976,Industrial,4081,473.8336089706631
R1,2025-01-05 14:00:00,228.23488018406366,Commercial,3511,416.03185232609206
R2,2025-01-05 14:00:00,219.28912310991225,Industrial,1184,473.4958574441142
R3,2025-01-05 14:00:00,115.15322871398317,Industrial,7090,420.356459563568
R4,2025-01-05 14:00:00,373.8406509459206,Commercial,7175,428.14872531885715
R1,2025-01-05 15:00:00,373.46037723279295,Residential,2261,301.586595600182
R2,2025-01-05 15:00:00,257.9364993784509,Residential,5360,450.34389376395757
R3,2025-01-05 15:00:00,248.81129639121747,Industrial,2424,393.24221257080086
R4,2025-01-05 15:00:00,291.0985914407486,Commercial,5700,424.49829250648696
R1,2025-01-05 16:00:00,296.6329192472007,Residential,1757,369.4106451411856
R2,2025-01-05 16:00:00,264.32244121485087,Industrial,7037,397.4620423500768
R3,2025-01-05 16:00:00,196.48406002407796,Industrial,1176,368.2079173382842
R4,2025-01-05 16:00:00,118.4601881778462,Commercial,7919,365.5264883592433
R1,2025-01-05 17:00:00,56.77142600161969,Residential,5524,358.4220989546709
R2,2025-01-05 17:00:00,186.90353367761054,Residential,4232,494.7598068159939
R3,2025-01-05 17:00:00,361.32317355575594,Residential,5215,462.76845392118696
R4,2025-01-05 17:00:00,186.8132353414007,Industrial,1669,414.40345128796713
R1,2025-01-05 18:00:00,239.50300067627708,Commercial,6353,300.5171307937727
R2,2025-01-05 18:00:00,125.95728504002078,Residential,4748,482.29587267233353
R3,2025-01-05 18:00:00,255.97877343100427,Industrial,3380,301.8850563654172
R4,2025-01-05 18:00:00,90.61698885152137,Commercial,4546,326.4052908149002
R1,2025-01-05 19:00:00,85.15430275264363,Industrial,1822,367.07731123586245
R2,2025-01-05 19:00:00,60.372477170785714,Residential,2632,499.8449035421621
R3,2025-01-05 19:00:00,392.38434336479617,Industrial,2619,425.8352421815088
R4,2025-01-05 19:00:00,156.73039987363552,Industrial,2909,348.19003234524996
R1,2025-01-05 20:00:00,151.60835483789492,Commercial,3169,345.67799982793287
R2,2025-01-05 20:00:00,385.98302408195656,Commercial,4592,475.03549209352025
R3,2025-01-05 20:00:00,59.16261004103595,Commercial,4403,395.2215260393506
R4,2025-01-05 20:00:00,73.84028895198193,Industrial,3230,344.0318961788864
R1,2025-01-05 21:00:00,367.8780305117924,Industrial,2497,480.05408223227107
R2,2025-01-05 21:00:00,389.1261381994767,Industrial,3218,381.8940998607295
R3,2025-01-05 21:00:00,210.7414942375586,Residential,5461,347.2841921390981
R4,2025-01-05 21:00:00,395.84408924349765,Industrial,2166,364.37076988542736
R1,2025-01-05 22:00:00,115.4172864278805,Residential,7484,361.56411795431495
R2,2025-01-05 22:00:00,64.59808503570736,Commercial,3867,423.72698266100195
R3,2025-01-05 22:00:00,373.54719854447524,Residential,7076,451.511029276547
R4,2025-01-05 22:00:00,169.7491496559744,Residential,2919,424.6881077841005
R1,2025-01-05 23:00:00,86.31845843947224,Commercial,3424,358.0560806317923
R2,2025-01-05 23:00:00,373.70069762468324,Industrial,2073,408.71184019840365
R3,2025-01-05 23:00:00,139.52320475070258,Industrial,3132,375.3983333795459
R4,2025-01-05 23:00:00,282.008146660056,Residential,2365,415.9114335437876
R1,2025-01-06 00:00:00,213.88015552397914,Commercial,3841,485.0950460951001
R2,2025-01-06 00:00:00,114.91791923567799,Industrial,6961,345.28008835959184
R3,2025-01-06 00:00:00,283.6567838975037,Industrial,6658,325.14509917336545
R4,2025-01-06 00:00:00,373.21085262576713,Residential,6559,381.1617921463575
R1,2025-01-06 01:00:00,248.52795181184334,Industrial,4636,305.22444402576934
R2,2025-01-06 01:00:00,304.25746868190265,Residential,2490,373.15046842041374
R3,2025-01-06 01:00:00,95.91972248781812,Industrial,1635,432.6763039406119
R4,2025-01-06 01:00:00,149.89871913128005,Residential,4339,340.5484822643407
R1,2025-01-06 02:00:00,121.81575925018741,Industrial,3060,389.61580597074055
R2,2025-01-06 02:00:00,294.3175896750562,Commercial,6388,401.2788395884258
R3,2025-01-06 02:00:00,341.3457764834775,Commercial,7029,433.16120371536744
R4,2025-01-06 02:00:00,229.3221697082373,Residential,7226,438.8667713036381
R1,2025-01-06 03:00:00,275.58540311338083,Residential,6780,421.89997928501543
R2,2025-01-06 03:00:00,100.23582729884241,Residential,5104,332.0566636618619
R3,2025-01-06 03:00:00,350.9582769594759,Residential,1954,478.77781497061255
R4,2025-01-06 03:00:00,338.7674337180885,Commercial,6828,389.89619948354783
R1,2025-01-06 04:00:00,257.21854162209246,Industrial,3390,399.27749149712315
R2,2025-01-06 04:00:00,369.0131601507685,Residential,5129,413.8462222458565
R3,2025-01-06 04:00:00,287.1869650666312,Commercial,4539,381.2408525477432
R4,2025-01-06 04:00:00,219.49685552231614,Commercial,6959,378.02764241417333
R1,2025-01-06 05:00:00,103.3640632770047,Residential,4030,369.2114659614648
R2,2025-01-06 05:00:00,249.27137514831583,Commercial,6655,443.4217116346301
R3,2025-01-06 05:00:00,329.6656986739491,Commercial,6518,462.0199511678226
R4,2025-01-06 05:00:00,244.74804914650306,Residential,5789,409.68740901893193
R1,2025-01-06 06:00:00,317.81723678481484,Commercial,1358,420.0275301048238
R2,2025-01-06 06:00:00,239.88326453443295,Residential,6306,434.30298262030936
R3,2025-01-06 06:00:00,385.5468686070529,Industrial,5283,369.15462573241047
R4,2025-01-06 06:00:00,123.20303156628562,Commercial,3672,361.4460971428949
R1,2025-01-06 07:00:00,156.83168100244524,Industrial,2320,460.06847189098403
R2,2025-01-06 07:00:00,77.63507785596025,Industrial,2885,454.1963355154873
R3,2025-01-06 07:00:00,66.89223722909435,Residential,5698,355.4467141964651
R4,2025-01-06 07:00:00,388.2706400397477,Commercial,3879,487.5192149954755
R1,2025-01-06 08:00:00,59.80605615866991,Industrial,1004,496.3381539684011
R2,2025-01-06 08:00:00,324.6993498041886,Commercial,1473,310.4442983611388
R3,2025-01-06 08:00:00,363.407824874359,Residential,6160,332.02145251906325
R4,2025-01-06 08:00:00,368.57875730948734,Industrial,3013,422.2287099895133
R1,2025-01-06 09:00:00,189.64507594193,Residential,7857,375.36834063121773
R2,2025-01-06 09:00:00,250.9597250128866,Residential,4862,342.47639137453905
R3,2025-01-06 09:00:00,86.7575366806513,Residential,2555,329.255447350361
R4,2025-01-06 09:00:00,229.38140445829637,Industrial,5768,315.3272288245032
R1,2025-01-06 10:00:00,263.16564957242315,Commercial,7029,475.7313804543391
R2,2025-01-06 10:00:00,239.62160302095407,Industrial,6730,323.39426298230916
R3,2025-01-06 10:00:00,348.6133124343333,Industrial,1103,325.4214032573293
R4,2025-01-06 10:00:00,161.27877510758867,Residential,6460,430.72801263349027
R1,2025-01-06 11:00:00,174.93361535691787,Commercial,2645,306.86111039781935
R2,2025-01-06 11:00:00,140.39432682900414,Commercial,3192,445.68634440852
R3,2025-01-06 11:00:00,176.23865606106693,Commercial,3481,487.3446540120126
R4,2025-01-06 11:00:00,392.8741165883912,Residential,5347,444.64069374768917
R1,2025-01-06 12:00:00,364.45663232708966,Industrial,3152,335.3616623552491
R2,2025-01-06 12:00:00,327.2276936036955,Industrial,1057,334.47131861310686
R3,2025-01-06 12:00:00,326.9642289398157,Industrial,2740,312.8312641801081
R4,2025-01-06 12:00:00,294.9388369518716,Commercial,2429,465.90293088720614
R1,2025-01-06 13:00:00,249.1380718520577,Residential,2722,417.93667104392637
R2,2025-01-06 13:00:00,51.44579379448964,Industrial,1624,305.75529042649276
R3,2025-01-06 13:00:00,106.95714801848109,Commercial,2782,443.66373566673207
R4,2025-01-06 13:00:00,332.1398460589188,Residential,6983,352.07685381561987
R1,2025-01-06 14:00:00,367.72642108088553,Residential,1768,345.9235151002965
R2,2025-01-06 14:00:00,383.31177627115346,Residential,2788,363.2235897336925
R3,2025-01-06 14:00:00,329.28188628786586,Industrial,6211,344.93286520280475
R4,2025-01-06 14:00:00,137.54000863167187,Commercial,7277,300.8305567642669
R1,2025-01-06 15:00:00,225.88073073333763,Industrial,1041,362.70214451100804
R2,2025-01-06 15:00:00,136.20687297731774,Industrial,4846,495.2381830598903
R3,2025-01-06 15:00:00,203.9274783002828,Commercial,2384,457.3352648164841
R4,2025-01-06 15:00:00,372.2294400308224,Industrial,1892,499.63924810146307
R1,2025-01-06 16:00:00,269.79512852927235,Residential,2455,342.88539619535374
R2,2025-01-06 16:00:00,277.92010802217726,Commercial,6993,410.2851410794807
R3,2025-01-06 16:00:00,378.87433382540695,Commercial,6802,321.0091630028475
R4,2025-01-06 16:00:00,390.9452621115926,Commercial,3941,423.399284150085
R1,2025-01-06 17:00:00,387.46442454509474,Industrial,7827,473.850523663657
R2,2025-01-06 17:00:00,277.10245490222496,Residential,5973,333.12243687893294
R3,2025-01-06 17:00:00,324.01417008684336,Industrial,2521,440.8740471457271
R4,2025-01-06 17:00:00,356.8605451140549,Residential,1053,433.8162103014415
R1,2025-01-06 18:00:00,357.27545150908855,Industrial,2229,343.6340008523942
R2,2025-01-06 18:00:00,230.78206401419732,Residential,4084,341.24707935591425
R3,2025-01-06 18:00:00,141.88665598904907,Commercial,2221,372.27359179362725
R4,2025-01-06 18:00:00,265.89768965598466,Commercial,6389,345.1126416748201
R1,2025-01-06 19:00:00,139.74402607024606,Industrial,7018,393.8956302309945
R2,2025-01-06 19:00:00,253.13345840754576,Commercial,6904,386.24872704181996
R3,2025-01-06 19:00:00,63.251866347303114,Residential,3152,312.93713617116873
R4,2025-01-06 19:00:00,355.4615926601859,Industrial,5086,493.1779877796706
R1,2025-01-06 20:00:00,99.19429279778383,Industrial,6683,373.56617754469187
R2,2025-01-06 20:00:00,73.98216736421887,Commercial,6080,311.1786298264805
R3,2025-01-06 20:00:00,97.55614103079975,Industrial,1666,470.5582888710062
R4,2025-01-06 20:00:00,188.27144777558345,Industrial,6139,394.561819926991
R1,2025-01-06 21:00:00,346.22761576317134,Industrial,4501,386.90619911068217
R2,2025-01-06 21:00:00,287.4169193571522,Industrial,2984,486.5493595122508
R3,2025-01-06 21:00:00,65.95562197893942,Industrial,3182,390.5173318473976
R4,2025-01-06 21:00:00,54.76170050197514,Residential,3802,302.9405299863129
R1,2025-01-06 22:00:00,90.04955442557463,Commercial,2551,372.5907427252706
R2,2025-01-06 22:00:00,135.83268495743204,Industrial,1242,397.0287828763734
R3,2025-01-06 22:00:00,266.5567971315355,Commercial,4631,460.29288778095565
R4,2025-01-06 22:00:00,106.25640256835331,Residential,5097,356.211011041512
R1,2025-01-06 23:00:00,234.24297473214583,Industrial,5247,486.9217828843198
R2,2025-01-06 23:00:00,380.6209779535908,Commercial,3985,417.9909850316358
R3,2025-01-06 23:00:00,84.6653636916408,Residential,5971,481.32978849709446
R4,2025-01-06 23:00:00,348.8216152865331,Residential,3440,304.01028507782326
R1,2025-01-07 00:00:00,148.21715501153807,Commercial,7096,497.6687196726796
R2,2025-01-07 00:00:00,173.15795680354375,Industrial,7805,482.4633875364907
R3,2025-01-07 00:00:00,209.57279606989277,Residential,5697,377.9877134907035
R4,2025-01-07 00:00:00,329.56994834413996,Residential,4186,428.65531581217294
R1,2025-01-07 01:00:00,111.06045954164175,Commercial,3367,372.2307687499628
R2,2025-01-07 01:00:00,263.6270758369675,Residential,7152,350.9889315172316
R3,2025-01-07 01:00:00,160.12792865557776,Residential,7824,465.48930639596153
R4,2025-01-07 01:00:00,131.14925559072842,Industrial,7886,495.73938855964354
R1,2025-01-07 02:00:00,361.06714893949476,Commercial,7299,448.68321518576795
R2,2025-01-07 02:00:00,145.75564355381488,Residential,7692,336.88876395964604
R3,2025-01-07 02:00:00,75.42045912904709,Residential,3212,390.235969166691
R4,2025-01-07 02:00:00,363.0065643969831,Residential,1182,432.24226779686944
R1,2025-01-07 03:00:00,241.90034531344105,Residential,7861,480.2070060094237
R2,2025-01-07 03:00:00,168.36403925177285,Residential,4214,440.88652045394974
R3,2025-01-07 03:00:00,52.9723602340332,Commercial,7001,352.4267553889982
R4,2025-01-07 03:00:00,113.28102846102229,Residential,1906,381.5079125813771
R1,2025-01-07 04:00:00,293.33341347031427,Industrial,4130,427.3290185767095
R2,2025-01-07 04:00:00,254.66817867103933,Residential,3085,415.2631655174964
R3,2025-01-07 04:00:00,399.0191447987976,Commercial,2988,330.9421355875822
R4,2025-01-07 04:00:00,61.81540325220256,Commercial,1521,492.5949214877197
R1,2025-01-07 05:00:00,115.957930547593,Residential,5908,375.09472576588956
R2,2025-01-07 05:00:00,174.31192188293417,Commercial,3843,342.99324760019954
R3,2025-01-07 05:00:00,181.55717006240027,Industrial,1342,371.3755061077089
R4,2025-01-07 05:00:00,231.84512404388718,Commercial,6354,465.30876872000294
R1,2025-01-07 06:00:00,342.77629321713476,Commercial,1491,341.82842171684837
R2,2025-01-07 06:00:00,304.410359985735,Commercial,3403,436.7276913602401
R3,2025-01-07 06:00:00,297.9811170753119,Commercial,5425,368.8975228111398
R4,2025-01-07 06:00:00,319.27857575035324,Residential,7677,357.8721203199014
R1,2025-01-07 07:00:00,321.6231219854308,Residential,3177,363.4278871551503
R2,2025-01-07 07:00:00,313.54561523347746,Commercial,4845,418.1927484181385
R3,2025-01-07 07:00:00,358.44455028588305,Industrial,7166,368.38851197380876
R4,2025-01-07 07:00:00,244.00422999552342,Residential,2438,392.1795327622523
R1,2025-01-07 08:00:00,306.3692356567537,Commercial,5723,483.38102713150107
R2,2025-01-07 08:00:00,125.52051903828342,Commercial,7368,309.5589517636528
R3,2025-01-07 08:00:00,259.8845389689146,Residential,3807,359.80939947245963
R4,2025-01-07 08:00:00,181.73571484187366,Residential,2688,391.0185845000897
R1,2025-01-07 09:00:00,63.0237318546088,Commercial,3969,367.05268489396633
R2,2025-01-07 09:00:00,74.58533414578989,Industrial,3287,342.76227674033805
R3,2025-01-07 09:00:00,234.74174244239626,Commercial,7243,400.8066164000643
R4,2025-01-07 09:00:00,102.12756853101236,Commercial,7852,327.727267636781
R1,2025-01-07 10:00:00,262.94246337633274,Industrial,7336,342.8536089154983
R2,2025-01-07 10:00:00,345.21318474163706,Residential,6055,366.91636693351415
R3,2025-01-07 10:00:00,286.9736440040981,Residential,6069,437.8379583121082
R4,2025-01-07 10:00:00,318.406638126136,Residential,2659,317.49535529133374
R1,2025-01-07 11:00:00,73.79368817168478,Residential,7822,301.8138929893615
R2,2025-01-07 11:00:00,232.38031586757123,Industrial,2584,308.45273200179753
R3,2025-01-07 11:00:00,68.70764705356191,Residential,1104,441.84158562193943
R4,2025-01-07 11:00:00,252.15265156010136,Commercial,2253,498.6811332571886
R1,2025-01-07 12:00:00,166.7298913732671,Residential,4091,422.99617525744924
R2,2025-01-07 12:00:00,319.15747878192684,Commercial,4581,337.66510146761254
R3,2025-01-07 12:00:00,217.85308312429882,Commercial,1526,362.85399775272015
R4,2025-01-07 12:00:00,268.49569815026985,Residential,7914,433.84764143649875
R1,2025-01-07 13:00:00,347.3916232745337,Industrial,2176,373.8179645336412
R2,2025-01-07 13:00:00,93.13703852566762,Commercial,4624,301.7720943104225
R3,2025-01-07 13:00:00,281.56324791920684,Commercial,2878,465.4332859094799
R4,2025-01-07 13:00:00,136.42859557306372,Industrial,6361,387.7503791224366
R1,2025-01-07 14:00:00,380.874290678331,Industrial,4445,361.2034944671641
R2,2025-01-07 14:00:00,359.1325804745768,Industrial,2892,304.3900850554299
R3,2025-01-07 14:00:00,99.89332877082856,Commercial,1839,324.16103048734874
R4,2025-01-07 14:00:00,347.0235082661307,Commercial,4053,371.91223318271307
R1,2025-01-07 15:00:00,173.72704553475901,Commercial,2222,380.1503006853423
R2,2025-01-07 15:00:00,391.9757065224666,Residential,1987,425.1795565607486
R3,2025-01-07 15:00:00,226.09824420992078,Residential,7284,304.46332657151135
R4,2025-01-07 15:00:00,159.60245119155525,Industrial,1509,391.52116900525095
R1,2025-01-07 16:00:00,56.11068458133895,Residential,3971,341.40694726870515
R2,2025-01-07 16:00:00,155.42852519879386,Residential,6427,390.9890015047337
R3,2025-01-07 16:00:00,52.08242307895405,Commercial,2622,436.7109455648666
R4,2025-01-07 16:00:00,110.35409617227236,Residential,3776,451.66448915333007
R1,2025-01-07 17:00:00,372.54747205471773,Residential,1646,354.4912873998128
R2,2025-01-07 17:00:00,183.1922747776583,Residential,6176,335.63148461522206
R3,2025-01-07 17:00:00,247.09494892016744,Commercial,4714,432.8043146977333
R4,2025-01-07 17:00:00,166.11485912638494,Industrial,5924,373.6733324891229
R1,2025-01-07 18:00:00,58.00258288070605,Industrial,5784,322.66958994366416
R2,2025-01-07 18:00:00,331.65403814477577,Industrial,4653,466.75485002999346
R3,2025-01-07 18:00:00,172.19707770350104,Industrial,6778,344.3945236873953
R4,2025-01-07 18:00:00,325.85874360835237,Residential,3815,376.01842446067883
R1,2025-01-07 19:00:00,156.3048779617605,Industrial,3758,301.7834213807702
R2,2025-01-07 19:00:00,161.80443282992994,Residential,5518,479.00744050074053
R3,2025-01-07 19:00:00,155.7620454865493,Industrial,7363,468.9155175316315
R4,2025-01-07 19:00:00,326.9294193082341,Residential,7063,403.5552345155338
R1,2025-01-07 20:00:00,166.48067088599794,Residential,7410,426.5201755375205
R2,2025-01-07 20:00:00,326.1102671183294,Residential,2031,460.80493625020426
R3,2025-01-07 20:00:00,278.10089711532044,Industrial,6834,412.00065416262817
R4,2025-01-07 20:00:00,180.4789563435608,Commercial,3629,466.970419127631
R1,2025-01-07 21:00:00,228.49107440910998,Industrial,3711,481.43069584034095
R2,2025-01-07 21:00:00,296.9369963274833,Residential,5553,448.6504021329255
R3,2025-01-07 21:00:00,95.9306032041959,Residential,5992,439.1334841440723
R4,2025-01-07 21:00:00,342.1343353617415,Residential,4409,378.3601077839285
R1,2025-01-07 22:00:00,86.25010470616276,Commercial,1614,410.6946944884691
R2,2025-01-07 22:00:00,193.92901936435277,Industrial,3825,377.3822996592007
R3,2025-01-07 22:00:00,291.3983855988005,Industrial,2493,423.68222323029806
R4,2025-01-07 22:00:00,86.84911504313649,Commercial,6930,358.83921141925333
R1,2025-01-07 23:00:00,54.055309512164925,Residential,2177,384.1324157521904
R2,2025-01-07 23:00:00,250.2027168635198,Residential,1358,305.04028276953625
R3,2025-01-07 23:00:00,79.64855118648778,Residential,7111,465.55887370058065
R4,2025-01-07 23:00:00,181.9581225381309,Residential,2492,486.30125847463364
